{"cameraMode":{"drawMode":0,"name":"Shaded","section":"Shading Mode"},"sceneLighting":true,"audioPlay":false,"sceneViewState":{"m_AlwaysRefresh":false,"showFog":true,"showSkybox":true,"showFlares":true,"showImageEffects":true,"showParticleSystems":true,"showVisualEffectGraphs":true,"m_FxEnabled":true},"in2DMode":false,"pivot":{"x":-29.447433471679689,"y":17.132946014404298,"z":-94.35790252685547},"rotation":{"x":-0.0004970832378603518,"y":-0.9999556541442871,"z":-0.02369031123816967,"w":0.00835302285850048},"size":14.82767105102539,"orthographic":false}